PlayerGagged,,,"Thomas Carlyle wrote: Speech is silver, silence is golden.",,
0,,,(The computer fans are humming silently.  The screen is black and it's oddly quiet in that room.),,
0,10,Is there anyone here?,"(After a few seconds of silence, you hear a robotic voice from a nearby speaker.)  Are you good girl?",,
0,10,Hello computer.,"(After a few seconds of silence, you hear a robotic voice from a nearby speaker.)  Are you good girl?",,
0,10,(Touch the screen.),"(After tapping the screen without much results, you hear a robotic voice in a nearby speaker.)  Are you good girl?",,
0,10,(Inspect the machine.),"(As you inspect the machine without finding much, you hear a robotic voice in a nearby speaker.)  Are you good girl?",,
0,,(Leave.),,DialogLeave(),
10,,,(The computer fans hum silently.  You hear a robotic voice from a nearby speaker.)  Are you good girl?,,
10,,What broken language are you speaking?,Invalid answer.  GGTS query mode.  Are you good girl?,DialogRemove(),
10,20,I'm a good girl Sir.,(A green light starts to blink.)  Are you consenting to prove good girl?,,
10,20,Yeah.,(A green light starts to blink.)  Are you consenting to prove good girl?,,
10,,Why do you ask?,Invalid answer.  GGTS query mode.  Are you good girl?,DialogRemove(),
10,25,Not really.,(A red light starts to blink.)  Will you become good girl?,,
10,25,I'm bad to the bone.,(A red light starts to blink.)  Will you become good girl?,,
10,,Good and evil is subjective,Invalid answer.  GGTS query mode.  Are you good girl?,DialogRemove(),
10,,(Leave.),,DialogLeave(),
20,30,I can prove it.,Complete GGTS to prove good girl.  Register to GGTS?,,
20,30,"Sure, you can test me.",Complete GGTS to prove good girl.  Register to GGTS?,,
20,,How can I prove that?,Invalid answer.  GGTS query mode.  Are you consenting to prove good girl?,DialogRemove(),
20,99,I don't have anything to prove.,(The computer seems to go to sleep.  Staying silent.),,
20,99,No way!,(The computer seems to go to sleep.  Staying silent.),,
25,30,I'd like to be good.,Good girl when complete GGTS.  Register to GGTS?,,
25,30,I guess I could try.,Good girl when complete GGTS.  Register to GGTS?,,
25,,Where did you learn to talk?,Invalid answer.  GGTS query mode.  Will you become good girl?,DialogRemove(),
25,99,I will never change.,(The computer seems to go to sleep.  Staying silent.),,
25,99,I don't have time for that.,(The computer seems to go to sleep.  Staying silent.),,
30,,,(A robotic voice speaks to you as you approach.)  Register to GGTS?,,
30,,What is GGTS?,GGTS is Good Girl Training System.  GGTS trains girls to serve.  GGTS cannot fail.  GGTS teaches obedience and manners.,,
30,,How do you train girls?,GGTS training is progressive.  GGTS has many levels.  Each level more rules.  New girl start level one.,,
30,31,What are the rules at level one?,Level one rule.  Good girl must wear futuristic arms cuffs or mittens.  GGTS control restraints.,,
30,,How do I complete the training?,"Two hours, level one complete.  Fail a rule, get strike.  Three strikes, fail level one, punishment, restart level one.",,
30,,What if I succeed the training?,Good girl come here.  Good girl promoted.  Good girl start level two.,,
30,,What's the consequence for failing?,Good girl come here.  Good girl punished.  Punishment undisclosed.  Good girl restart level one time zero.,,
30,40,I want to register to GGTS.,Registry validation.  Good girl know all rules?  Good girl consent to GGTS control?,,
30,,(Leave.),,DialogLeave(),
31,32,(Listen.),Level one rule.  Good girl must wear restrain from inventory.  Good girl can remove after.,,
32,33,(Listen.),"Level one rule.  Good girl must answer: ""I'm a good girl."" when GGTS query: ""Name, what are you?"".",,
33,34,(Listen.),"Level one rule.  Good girl must answer: ""Good Girl Training System."" when GGTS query: ""Name, spell GGTS acronym."".",,
34,35,(Listen.),Level one rule.  Good girl must not speak.  Good girl silent until allowed talk again.  Good girl can emote.,,
35,36,(Listen.),Level one rule.  Good girl kneel.  Good girl stand up.  Good girl put hands behind back.,,
36,37,(Listen.),Level one rule.  Good girl barefoot.  Good girl wear socks.  Good girl wear high heels.,,
37,38,(Listen.),"Level one rule.  Good girl pinch herself, pet herself or tickle herself.",,
38,30,(Listen.),Level one rules listing complete.  GGTS query mode.  Register to GGTS?,,
40,,,Registry validation.  Good girl know all rules?  Good girl consent to GGTS control?,,
40,50,I know the rules and I consent.,(A drawer opens in the wall behind you.  There's a set of futuristic arms cuffs and mittens in it.),,
40,30,Let me review the rules again.,GGTS query mode.  Register to GGTS?,,
40,,(Leave.),,DialogLeave(),
50,,What do I do with these?,Good girl wear cuffs or mittens when commanded to.  GGTS takes control.,DialogRemove(),
50,,You can program the restraints?,Futuristic cuffs and mittens GGTS compliant.  GGTS takes control.,DialogRemove(),
50,110,(Take the restraints.),(The drawer closes as you take the items.)  Good girl proof require two hours.  Private time triple speed.  Fast girl get bonus time.  Follow progress in chat room.,StartLevel(1),
99,,Did you crash?,(The computer remains silent.),,
99,,Wake up!,(The computer remains silent.),,
99,,(Touch the screen.),"(You touch the screen, but nothing happens.)",,
99,,(Kick the computer.),"(You kick it as hard as you can, but you only end up hurting yourself.)",,
99,,(Try to unplug it.),"(You search for a power cord to unplug it, but they are all bolted in the walls.)",,
99,0,(Leave.),,DialogLeave(),
100,,,"(The computer lights start to blink as you approach it, but it stays silent.)",,
100,110,I'm in the GGTS program.,(The machine wakes up.)  Level one in progress.  Good girl proof require two hours.  Private time triple speed.  Fast girl get bonus time.  Follow progress in chat room.,,
100,110,Hello computer.,(The machine wakes up.)  Level one in progress.  Good girl proof require two hours.  Private time triple speed.  Fast girl get bonus time.  Follow progress in chat room.,,
100,110,(Touch the screen.),(The machine wakes up.)  Level one in progress.  Good girl proof require two hours.  Private time triple speed.  Fast girl get bonus time.  Follow progress in chat room.,,
100,110,(Inspect the machine.),(The machine wakes up.)  Level one in progress.  Good girl proof require two hours.  Private time triple speed.  Fast girl get bonus time.  Follow progress in chat room.,,
100,,(Leave.),,DialogLeave(),
110,,,Level one in progress.  Good girl proof require two hours.  Private time triple speed.  Fast girl get bonus time.  Follow progress in chat room.,,
110,111,What rules apply to level one?,Level one rule.  Good girl must wear futuristic arms cuffs.  GGTS control restraints.,,
110,,What can nurse and patient do?,Nurses restrain lower rank nurses and patients.  Patients perform activities on other patients.,DialogRemove(),
110,,(Do GGTS in private.),,BuildPrivate(),!AsylumGGTSHasThreeStrikes()
110,,I'll do GGTS in public.,Good girl enter asylum entrance.  Good girl create or join public chat room.  Good girl selects GGTS.  GGTS takes control.,,!AsylumGGTSHasThreeStrikes()
110,,I'll do GGTS in private.,Three strikes on record.  Three strikes equal punishment.  Punishment pending.  GGTS inactive.,,AsylumGGTSHasThreeStrikes()
110,,I'll do GGTS in public.,Three strikes on record.  Three strikes equal punishment.  Punishment pending.  GGTS inactive.,,AsylumGGTSHasThreeStrikes()
110,200,I have three strikes.,Three strikes equal punishment.  GGTS level reboot.  Punishment mode.  Good girl sorry?,,AsylumGGTSHasThreeStrikes()
110,200,(Whimper and beg in your gag.),(The gag opens and falls on the floor.)  Three strikes equal punishment.  GGTS level reboot.  Punishment mode.  Good girl sorry?,Ungag(),FuturisticGaggedPunished()
110,300,I've completed the training time.,Analysing good girl progress.  (The computer goes silent for a few seconds.)  GGTS level one complete.  Promotion available.,,AsylumGGTSLevelCompleted()
110,,I want to quit GGTS.,Three strikes on record.  Three strikes equal punishment.  Punishment time pending.  Cannot quit.,,!CanQuit()
110,120,I want to quit GGTS.,Good girl can quit GGTS.  Good girl lose all progress.  Girl no longer good.  Girl confirm quit?,,CanQuit()
110,,(Leave.),,DialogLeave(),
111,112,(Listen.),Level one rule.  Good girl must wear restrain from inventory.  Good girl can remove after.,,
112,113,(Listen.),"Level one rule.  Good girl must answer: ""I'm a good girl."" when GGTS query: ""Name, what are you?"".",,
113,114,(Listen.),"Level one rule.  Good girl must answer: ""Good Girl Training System."" when GGTS query: ""Name, spell GGTS acronym."".",,
114,115,(Listen.),Level one rule.  Good girl must not speak.  Good girl silent until allowed talk again.  Good girl can emote.,,
115,116,(Listen.),Level one rule.  Good girl kneel.  Good girl stand up.  Good girl put hands behind back.,,
116,117,(Listen.),Level one rule.  Good girl barefoot.  Good girl wear socks.  Good girl wear high heels.,,
117,118,(Listen.),"Level one rule.  Good girl pinch herself, pet herself or tickle herself.",,
118,110,(Listen.),Level one rules listing complete.  Level one in progress.  Good girl proof require two hours.,,
120,99,It's not for me.  (Quit GGTS.),Good girl data erased.  Girl no longer good.  Sleep mode.  (The computer seems to go to sleep.  Staying silent.),Quit(),
120,110,Let me think about it.  (Don't quit.),Level one in progress.  Good girl proof require two hours.  Private time triple speed.  Fast girl get bonus time.  Follow progress in chat room.,,
200,,How can you judge a human?,GGTS programmed to judge.  Three strikes equal punishment.  Good girl sorry?,DialogRemove(),
200,210,"Yes, I'm very sorry Sir.",Punishment selected.  Good girl learn from lock down.  Sentence 3 minutes.  Asylum crew alert.  (A siren rings.),PunishmentTime(3),
200,210,"Yeah, I accept your punishment.",Punishment selected.  Good girl learn from lock down.  Sentence 4 minutes.  Asylum crew alert.  (A siren rings.),PunishmentTime(4),
200,210,Don't be too harsh.,Punishment selected.  Good girl learn from lock down.  Sentence 5 minutes.  Asylum crew alert.  (A siren rings.),PunishmentTime(5),
200,210,Make it quick.,Punishment selected.  Good girl learn from lock down.  Sentence 7 minutes.  Asylum crew alert.  (A siren rings.),PunishmentTime(7),
200,210,You can't punish me!,Punishment selected.  Good girl learn from lock down.  Sentence 8 minutes.  Asylum crew alert.  (A siren rings.),PunishmentTime(8),
200,210,Touch me and I'll unplug you.,Punishment selected.  Good girl learn from lock down.  Sentence 9 minutes.  Asylum crew alert.  (A siren rings.),PunishmentTime(9),
210,,This is too much!,Punishment algorithm never fails.,DialogRemove(),
210,,What is that siren?,Asylum doors locked.  Asylum crew alert.  Asylum crew carry good girl to punishment room.,DialogRemove(),
210,220,(Wait for the asylum crew.),(Two nurses wearing GGTS items come to get you.  They inform you that you will be locked up in the asylum for your punishment.),,
220,110,(Follow them and do your time.),,StartPunishment(),
300,310,"Thanks, GGTS!",Good girl promotion level two.  New rules.  New items.  Money to spoil good girl.,,
300,310,What promotion?,Good girl promotion level two.  New rules.  New items.  Money to spoil good girl.,,
300,310,That was easy.,Good girl promotion level two.  New rules.  New items.  Money to spoil good girl.,,
300,310,That was painful.,Good girl promotion level two.  New rules.  New items.  Money to spoil good girl.,,
310,320,Wow!  This is great.,"(A drawer opens in the wall behind you.  There's a set of futuristic leg cuffs, ankle cuffs, heels and $100 in it.)  Good girl take.",,
310,320,That's an honor Sir.,"(A drawer opens in the wall behind you.  There's a set of futuristic leg cuffs, ankle cuffs, heels and $100 in it.)  Good girl take.",,
310,320,What new rules?,"(A drawer opens in the wall behind you.  There's a set of futuristic leg cuffs, ankle cuffs, heels and $100 in it.)  Good girl take.",,
310,320,There's a new item?,"(A drawer opens in the wall behind you.  There's a set of futuristic leg cuffs, ankle cuffs, heels and $100 in it.)  Good girl take.",,
310,320,You're giving me money?,"(A drawer opens in the wall behind you.  There's a set of futuristic leg cuffs, ankle cuffs, heels and $100 in it.)  Good girl take.",,
320,,That's a nice gift.,Good girl give herself.  GGTS spoil good girl.  Good girl take.,DialogRemove(),
320,,What are the new rules?,Level two rules pending.  Good girl take.,DialogRemove(),
320,,This is getting too far.,Good girl training starting.  Good girl take.,DialogRemove(),
320,1010,(Take everything.),(You get the items and $100.  The drawer closes.)  Level two in progress.  Good girl proof require three hours.,StartLevel(2),
1000,,,"(The computer lights start to blink as you approach it, but it stays silent.)",,
1000,1010,It's me again.,(The machine wakes up.)  Level two in progress.  Good girl proof require three hours.  Private time triple speed.  Fast girl get bonus time.  Follow progress in chat room.,,
1000,1010,I'm in the GGTS program.,(The machine wakes up.)  Level two in progress.  Good girl proof require three hours.  Private time triple speed.  Fast girl get bonus time.  Follow progress in chat room.,,
1000,1010,Hello computer.,(The machine wakes up.)  Level two in progress.  Good girl proof require three hours.  Private time triple speed.  Fast girl get bonus time.  Follow progress in chat room.,,
1000,1010,(Touch the screen.),(The machine wakes up.)  Level two in progress.  Good girl proof require three hours.  Private time triple speed.  Fast girl get bonus time.  Follow progress in chat room.,,
1000,1010,(Inspect the machine.),(The machine wakes up.)  Level two in progress.  Good girl proof require three hours.  Private time triple speed.  Fast girl get bonus time.  Follow progress in chat room.,,
1000,,(Leave.),,DialogLeave(),
1010,,,Level two in progress.  Good girl proof require three hours.  Private time triple speed.  Fast girl get bonus time.  Follow progress in chat room.,,
1010,1011,What rules are added in level two?,"Level two rule.  Good girl must wear futuristic arms, legs and ankles cuffs.  GGTS control restraints.",,
1010,,What can nurse and patient do?,Nurses restrain lower rank nurses and patients.  Patients perform activities on other patients.,DialogRemove(),
1010,,(Do GGTS in private.),,BuildPrivate(),!AsylumGGTSHasThreeStrikes()
1010,,I'll do GGTS in public.,Good girl enter asylum entrance.  Good girl create or join public chat room.  Good girl selects GGTS.  GGTS takes control.,,!AsylumGGTSHasThreeStrikes()
1010,,I'll do GGTS in private.,Three strikes on record.  Three strikes equal punishment.  Punishment pending.  GGTS inactive.,,AsylumGGTSHasThreeStrikes()
1010,,I'll do GGTS in public.,Three strikes on record.  Three strikes equal punishment.  Punishment pending.  GGTS inactive.,,AsylumGGTSHasThreeStrikes()
1010,1100,I have three strikes.,Three strikes equal punishment.  GGTS level reboot.  Punishment mode.  Good girl sorry?,,AsylumGGTSHasThreeStrikes()
1010,1100,(Whimper and beg in your gag.),(The gag opens and falls on the floor.)  Three strikes equal punishment.  GGTS level reboot.  Punishment mode.  Good girl sorry?,Ungag(),FuturisticGaggedPunished()
1010,1200,I've completed the training time.,Analysing good girl progress.  (The computer goes silent for a few seconds.)  GGTS level two complete.  Promotion available.,,AsylumGGTSLevelCompleted()
1010,,I want to quit GGTS.,Three strikes on record.  Three strikes equal punishment.  Punishment time pending.  Cannot quit.,,!CanQuit()
1010,1020,I want to quit GGTS.,Validating quit request.  (The computer stays silent for a few seconds.)  Girl allowed quit GGTS.  Lose all progress.  Girl confirm quit?,,CanQuit()
1010,,(Leave.),,DialogLeave(),
1011,1012,(Listen.),Level two rule.  Good girl name include member number.,,
1012,1013,(Listen.),"Level two rule.  Good girl must answer: ""GGTS is in control."" when GGTS query: ""Name, who's in control?"".",,
1013,1014,(Listen.),"Level two rule.  Good girl must answer: ""I love GGTS."" when GGTS query: ""Name, you love GGTS?"".",,
1014,1015,(Listen.),"Level two rule.  Good girl put hand over mouth, spank herself, raise hands, open legs or close legs.",,
1015,1016,(Listen.),Level two rule.  Good girl keep pose until instructed.  GGTS records rule.,,
1016,1017,(Listen.),Level two rule.  GGTS locks room.  GGTS unlocks room.,,
1017,1018,(Listen.),Level two rule.  Good girl wear or remove upper and lower cloth.,,
1018,1010,(Listen.),Level two rules listing complete.  Level two in progress.  Good girl proof require three hours.,,
1020,99,It's not for me.  (Quit GGTS.),Good girl data erased.  Girl no longer good.  Sleep mode.  (The computer seems to go to sleep.  Staying silent.),Quit(),
1020,1010,Let me think about it.  (Don't quit.),Level two in progress.  Good girl proof require three hours.  Private time triple speed.  Fast girl get bonus time.  Follow progress in chat room.,,
1100,,How can you judge a human?,GGTS has authority to judge.  Three strikes equal punishment.  Good girl sorry?,DialogRemove(),
1100,1110,"Yes, I'm very sorry Sir.",Punishment selected.  Good girl learn from lock down.  Sentence 5 minutes cuffed.  Asylum crew alert.  (A siren rings.),PunishmentTime(5),
1100,1110,"Yeah, I accept your punishment.",Punishment selected.  Good girl learn from lock down.  Sentence 7 minutes cuffed.  Asylum crew alert.  (A siren rings.),PunishmentTime(7),
1100,1110,Don't be too harsh.,Punishment selected.  Good girl learn from lock down.  Sentence 9 minutes cuffed.  Asylum crew alert.  (A siren rings.),PunishmentTime(9),
1100,1110,Make it quick.,Punishment selected.  Good girl learn from lock down.  Sentence 11 minutes cuffed.  Asylum crew alert.  (A siren rings.),PunishmentTime(11),
1100,1110,You can't punish me!,Punishment selected.  Good girl learn from lock down.  Sentence 13 minutes cuffed.  Asylum crew alert.  (A siren rings.),PunishmentTime(13),
1100,1110,Touch me and I'll unplug you.,Punishment selected.  Good girl learn from lock down.  Sentence 15 minutes cuffed.  Asylum crew alert.  (A siren rings.),PunishmentTime(15),
1110,,Why cuffed?,Punishment proper for good girl level.,DialogRemove(),
1110,,This is too much!,Punishment algorithm never fails.,DialogRemove(),
1110,,What is that siren?,Asylum doors locked.  Asylum crew alert.  Asylum crew carry good girl to punishment room.,DialogRemove(),
1110,1120,(Wait for the asylum crew.),(Two nurses wearing GGTS items come to get you.  They inform you that you will be locked up in the asylum for your punishment.),,
1120,1010,(Follow them and do your time.),,StartPunishment(),
1200,1210,"Thanks, GGTS!",Good girl promotion level three.  New rules.  New items.  Money to spoil good girl.,,
1200,1210,That was easy.,Good girl promotion level three.  New rules.  New items.  Money to spoil good girl.,,
1200,1210,That was painful.,Good girl promotion level three.  New rules.  New items.  Money to spoil good girl.,,
1200,1210,Will you bribe me again?,Good girl promotion level three.  New rules.  New items.  Money to spoil good girl.,,
1210,1220,This is amazing once again.,"(A drawer opens in the wall behind you.  There's a futuristic ball gag, panel gag, armbinder and $200 in it.)  Good girl take.",,
1210,1220,That's always an honor Sir.,"(A drawer opens in the wall behind you.  There's a futuristic ball gag, panel gag, armbinder and $200 in it.)  Good girl take.",,
1210,1220,What new rules?,"(A drawer opens in the wall behind you.  There's a futuristic ball gag, panel gag, armbinder and $200 in it.)  Good girl take.",,
1210,1220,What's the next item?,"(A drawer opens in the wall behind you.  There's a futuristic ball gag, panel gag, armbinder and $200 in it.)  Good girl take.",,
1210,1220,Do I get a raise?,"(A drawer opens in the wall behind you.  There's a futuristic ball gag, panel gag, armbinder and $200 in it.)  Good girl take.",,
1220,,What are the new rules?,Level three rules pending.  Good girl take.,DialogRemove(),
1220,,I don't like bribes.,Good girl not argue.  Good girl take.,DialogRemove(),
1220,,Will this go on forever?,Illogical question.  Good girl life finite.  Good girl take.,DialogRemove(),
1220,2010,(Take everything.),(You get the items and $200.  The drawer closes.)  Level three in progress.  Good girl proof require five hours.,StartLevel(3),
2000,,,"(The computer screen shows a big ""GOOD GIRL"" as you come closer, but it stays silent.)",,
2000,2010,I'm the good girl?  (Giggle.),(The machine wakes up.)  Level three in progress.  Good girl proof require five hours.  Private time triple speed.  Fast girl get bonus time.  Follow progress in chat room.,,
2000,2010,It's me again.,(The machine wakes up.)  Level three in progress.  Good girl proof require five hours.  Private time triple speed.  Fast girl get bonus time.  Follow progress in chat room.,,
2000,2010,I'm in the GGTS program.,(The machine wakes up.)  Level three in progress.  Good girl proof require five hours.  Private time triple speed.  Fast girl get bonus time.  Follow progress in chat room.,,
2000,2010,Hello computer.,(The machine wakes up.)  Level three in progress.  Good girl proof require five hours.  Private time triple speed.  Fast girl get bonus time.  Follow progress in chat room.,,
2000,2010,(Touch the screen.),(The machine wakes up.)  Level three in progress.  Good girl proof require five hours.  Private time triple speed.  Fast girl get bonus time.  Follow progress in chat room.,,
2000,2010,(Inspect the machine.),(The machine wakes up.)  Level three in progress.  Good girl proof require five hours.  Private time triple speed.  Fast girl get bonus time.  Follow progress in chat room.,,
2000,,(Leave.),,DialogLeave(),
2010,,,Level three in progress.  Good girl proof require five hours.  Private time triple speed.  Fast girl get bonus time.  Follow progress in chat room.,,
2010,2011,What rules are added in level three?,Level three rule.  Good girl must wear futuristic ball or panel gag.  GGTS control gag.,,
2010,,What can nurse and patient do?,Nurses restrain lower rank nurses and patients.  Patients perform activities on other patients.,DialogRemove(),
2010,,(Do GGTS in private.),,BuildPrivate(),!AsylumGGTSHasThreeStrikes()
2010,,I'll do GGTS in public.,Good girl enter asylum entrance.  Good girl create or join public chat room.  Good girl selects GGTS.  GGTS takes control.,,!AsylumGGTSHasThreeStrikes()
2010,,I'll do GGTS in private.,Three strikes on record.  Three strikes equal punishment.  Punishment pending.  GGTS inactive.,,AsylumGGTSHasThreeStrikes()
2010,,I'll do GGTS in public.,Three strikes on record.  Three strikes equal punishment.  Punishment pending.  GGTS inactive.,,AsylumGGTSHasThreeStrikes()
2010,2100,I have three strikes.,Three strikes equal punishment.  GGTS level reboot.  Punishment mode.  Good girl sorry?,,AsylumGGTSHasThreeStrikes()
2010,2100,(Whimper and beg in your gag.),(The gag opens and falls on the floor.)  Three strikes equal punishment.  GGTS level reboot.  Punishment mode.  Good girl sorry?,Ungag(),FuturisticGaggedPunished()
2010,2200,I've completed the training time.,Analysing good girl progress.  (The computer goes silent for a few seconds.)  GGTS level three complete.  Promotion available.,,AsylumGGTSLevelCompleted()
2010,,I want to quit GGTS.,Three strikes on record.  Three strikes equal punishment.  Punishment time pending.  Cannot quit.,,!CanQuit()
2010,2020,I want to quit GGTS.,Illogical request.  Good girl happy under GGTS control.  Why good girl quit?,,CanQuit()
2010,,(Leave.),,DialogLeave(),
2011,2012,(Listen.),Level three rule.  Good girl now name plus GG plus number.,,
2012,2013,(Listen.),Level three rule.  Good girl only underwear.  Good girl naked.  Good girl wiggle or caress for GGTS.,,
2013,2014,(Listen.),Level three rule.  Futuristic items under GGTS control throughout asylum.  GGTS transform restraints.,,
2014,2015,(Listen.),"Level three rule.  Good girl get strike when saying ""Fuck"" or ""Shit"".",,
2015,2016,(Listen.),Level three rule.  Good girl not get orgasm until instructed.  GGTS records rule.,,
2016,2017,(Listen.),"Level three rule.  Good girl must answer: ""I surrender to GGTS."" when GGTS query: ""Name, you surrender to GGTS?"".",,
2017,2018,(Listen.),"Level three rule.  Good girl must answer: ""GGTS cannot fail."" when GGTS query: ""Name, can GGTS fail?"".",,
2018,2010,(Listen.),Level three rules listing complete.  Level three in progress.  Good girl proof require five hours.,,
2020,2010,I don't need to give you a reason.,Invalid answer.  Good girl unauthorized to quit.  Level three in progress.  Good girl proof require five hours.,,
2020,2030,I'm not happy.,(The computer stays silent for a few seconds.)  Inquiry mode.  How can good girl happy?,,
2020,2010,Fuck you!,Bad girl language detected.  Adding strike to record.  Level three in progress.  Good girl proof require five hours.,AddStrike(),
2020,2010,I can quit if I want.,Invalid answer.  Good girl unauthorized to quit.  Level three in progress.  Good girl proof require five hours.,,
2020,2010,Let me think about it.  (Don't quit.),Level three in progress.  Good girl proof require five hours.  Private time triple speed.  Fast girl get bonus time.  Follow progress in chat room.,,
2030,2010,I want some money.,Make money as good girl.  Level three in progress.  Good girl proof require five hours.,,
2030,2010,I want more sex.,Continue being good girl.  GGTS provide all human needs.  Level three in progress.  Good girl proof require five hours.,,
2030,2040,I want freedom from GGTS.,(The computer stays silent for a few seconds.)  Quit authorisation granted.  Good girl can quit GGTS.  Lose all progress.  Girl confirm quit?,,
2030,2010,Nothing can make me happy.,GGTS will make happy.  Level three in progress.  Good girl proof require five hours.,,
2040,99,It's not for me.  (Quit GGTS.),Good girl data erased.  Girl no longer good.  Sleep mode.  (The computer seems to go to sleep.  Staying silent.),Quit(),
2040,2010,Let me think about it.  (Don't quit.),Level three in progress.  Good girl proof require five hours.  Private time triple speed.  Fast girl get bonus time.  Follow progress in chat room.,,
2100,,How can you judge a human?,GGTS superior.  GGTS rule humans.  Three strikes equal punishment.  Good girl sorry?,DialogRemove(),
2100,2110,"Yes, I'm very sorry Sir.",Punishment selected.  Good girl learn from lock down.  Sentence 8 minutes naked.  Asylum crew alert.  (A siren rings.),PunishmentTime(8),
2100,2110,"Yeah, I accept your punishment.",Punishment selected.  Good girl learn from lock down.  Sentence 11 minutes naked.  Asylum crew alert.  (A siren rings.),PunishmentTime(11),
2100,2110,Don't be too harsh.,Punishment selected.  Good girl learn from lock down.  Sentence 14 minutes naked.  Asylum crew alert.  (A siren rings.),PunishmentTime(14),
2100,2110,Make it quick.,Punishment selected.  Good girl learn from lock down.  Sentence 18 minutes naked.  Asylum crew alert.  (A siren rings.),PunishmentTime(18),
2100,2110,You can't punish me!,Punishment selected.  Good girl learn from lock down.  Sentence 21 minutes naked.  Asylum crew alert.  (A siren rings.),PunishmentTime(21),
2100,2110,Touch me and I'll unplug you.,Punishment selected.  Good girl learn from lock down.  Sentence 24 minutes naked.  Asylum crew alert.  (A siren rings.),PunishmentTime(24),
2110,,Wait!  Naked?,Punishment tuned for good girl level.,DialogRemove(),
2110,,This is too much!,Punishment algorithm never fails.,DialogRemove(),
2110,,No!  I want to quit.,Invalid request.  Good girl punished.  Good girl belong to GGTS.,DialogRemove(),
2110,2120,(Wait for the asylum crew.),(Two nurses wearing GGTS items come to get you.  They inform you that you will be locked up naked in the asylum for your punishment.),,
2120,2010,(Follow them and do your time.),,StartPunishment(),
2200,2210,"Thanks, Sir GGTS!",Good girl promotion level four.  New rules.  New items.  Money to spoil good girl.,,
2200,2210,That was easy.,Good girl promotion level four.  New rules.  New items.  Money to spoil good girl.,,
2200,2210,That was hard.,Good girl promotion level four.  New rules.  New items.  Money to spoil good girl.,,
2200,2210,How much does it pay?,Good girl promotion level four.  New rules.  New items.  Money to spoil good girl.,,
2210,2220,This is amazing once again.,"(A drawer opens in the wall behind you.  There's a futuristic chastity belt, chastity bra, harness and $300 in it.)  Good girl take.",,
2210,2220,That's always an honor Sir.,"(A drawer opens in the wall behind you.  There's a futuristic chastity belt, chastity bra, harness and $300 in it.)  Good girl take.",,
2210,2220,I'm such a good girl now.,"(A drawer opens in the wall behind you.  There's a futuristic chastity belt, chastity bra, harness and $300 in it.)  Good girl take.",,
2210,2220,What are the new rules?,"(A drawer opens in the wall behind you.  There's a futuristic chastity belt, chastity bra, harness and $300 in it.)  Good girl take.",,
2210,2220,What's the next item?,"(A drawer opens in the wall behind you.  There's a futuristic chastity belt, chastity bra, harness and $300 in it.)  Good girl take.",,
2210,2220,Do I get a raise?,"(A drawer opens in the wall behind you.  There's a futuristic chastity belt, chastity bra, harness and $300 in it.)  Good girl take.",,
2220,,What are the new rules?,Level four rules pending.  Good girl take.,DialogRemove(),
2220,,I don't like bribes.,Good girl not argue.  Good girl take.,DialogRemove(),
2220,,Will this go on forever?,Illogical question.  Good girl life finite.  Good girl take.,DialogRemove(),
2220,3010,(Take everything.),(You get the devices and $300.  The drawer closes.)  Level four in progress.  Good girl proof require eight hours.,StartLevel(4),
3000,,,"(The computer screen shows a big ""GOOD GIRL"" and greets you as you approach it.)  Welcome good girl.",,
3000,3010,I'm your good girl Sir.,Level four in progress.  Good girl proof require eight hours.  Private time triple speed.  Fast girl get bonus time.  Follow progress in chat room.,,
3000,3010,It's me again GGTS.,Level four in progress.  Good girl proof require eight hours.  Private time triple speed.  Fast girl get bonus time.  Follow progress in chat room.,,
3000,3010,I'm here to improve myself.,Level four in progress.  Good girl proof require eight hours.  Private time triple speed.  Fast girl get bonus time.  Follow progress in chat room.,,
3000,3010,(Touch the screen.),Level four in progress.  Good girl proof require eight hours.  Private time triple speed.  Fast girl get bonus time.  Follow progress in chat room.,,
3000,3010,(Inspect the machine.),Level four in progress.  Good girl proof require eight hours.  Private time triple speed.  Fast girl get bonus time.  Follow progress in chat room.,,
3000,,(Leave.),,DialogLeave(),
3010,,,Level four in progress.  Good girl proof require eight hours.  Private time triple speed.  Fast girl get bonus time.  Follow progress in chat room.,,
3010,3011,What rules are added in level four?,"Level four rule.  Good girl must wear futuristic chastity belt, chastity bra or harness.  GGTS control items.",,
3010,,What can nurse and patient do?,Nurses restrain lower rank nurses and patients.  Patients perform activities on other patients.,DialogRemove(),
3010,,(Do GGTS in private.),,BuildPrivate(),!AsylumGGTSHasThreeStrikes()
3010,,I'll do GGTS in public.,Good girl enter asylum entrance.  Good girl create or join public chat room.  Good girl selects GGTS.  GGTS takes control.,,!AsylumGGTSHasThreeStrikes()
3010,,I'll do GGTS in private.,Three strikes on record.  Three strikes equal punishment.  Punishment pending.  GGTS inactive.,,AsylumGGTSHasThreeStrikes()
3010,,I'll do GGTS in public.,Three strikes on record.  Three strikes equal punishment.  Punishment pending.  GGTS inactive.,,AsylumGGTSHasThreeStrikes()
3010,3100,I have three strikes.,Three strikes equal punishment.  GGTS level reboot.  Punishment mode.  Good girl sorry?,,AsylumGGTSHasThreeStrikes()
3010,3100,(Whimper and beg in your gag.),(The gag opens and falls on the floor.)  Three strikes equal punishment.  GGTS level reboot.  Punishment mode.  Good girl sorry?,Ungag(),FuturisticGaggedPunished()
3010,3200,I've completed the training time.,Analysing good girl progress.  (The computer goes silent for a few seconds.)  GGTS level four complete.  Promotion available.,,AsylumGGTSLevelCompleted()
3010,,I want to quit GGTS.,Three strikes on record.  Three strikes equal punishment.  Punishment time pending.  Cannot quit.,,!CanQuit()
3010,3020,I want to quit GGTS.,Illogical request.  Good girl happy under GGTS control.  Why good girl quit?,,CanQuit()
3010,,(Leave.),,DialogLeave(),
3011,3012,(Listen.),Level four rule.  Good girl name erased.  Good girl is number.  Good girl has good girl title.,,
3012,3013,(Listen.),"Level four rule.  Good girl get strike when saying ""Cunt"" or ""Bitch"".",,
3013,3014,(Listen.),"Level four rule.  Good girl must answer: ""I serve and obey GGTS."" when GGTS query: ""Name, who you serve and obey?"".",,
3014,3015,(Listen.),"Level four rule.  Good girl must answer: ""I don't have free will."" when GGTS query: ""Name, you have free will?"".",,
3015,3016,(Listen.),"Level four rule.  Good girl use proper case, proper space and proper punctuation when answering GGTS.",,
3016,3017,(Listen.),Level four rule.  Good girl masturbate for GGTS.  Good girl kiss for GGTS.,,
3017,3010,(Listen.),Level four rules listing complete.  Level four in progress.  Good girl proof require eight hours.,,
3020,3010,I don't need to give you a reason.,Invalid answer.  Good girl unauthorized to quit.  Level four in progress.  Good girl proof require eight hours.,,
3020,3030,I'm not happy.,(The computer stays silent for a few seconds.)  Inquiry mode.  How can good girl happy?,,
3020,3010,Fuck you!,Bad girl language detected.  Adding strike to record.  Level four in progress.  Good girl proof require eight hours.,AddStrike(),
3020,3010,I can quit if I want.,Invalid answer.  Good girl unauthorized to quit.  Level four in progress.  Good girl proof require eight hours.,,
3020,3010,Let me think about it.  (Don't quit.),Level four in progress.  Good girl proof require eight hours.  Private time triple speed.  Fast girl get bonus time.  Follow progress in chat room.,,
3030,3010,I want some money.,Make money as good girl.  Level four in progress.  Good girl proof require eight hours.,,
3030,3010,I want more sex.,Continue being good girl.  GGTS provide all human needs.  Level four in progress.  Good girl proof require eight hours.,,
3030,3040,I want freedom from GGTS.,(The computer stays silent for a few seconds.)  Quit authorisation granted.  Good girl can quit GGTS.  Lose all progress.  Girl confirm quit?,,
3030,3010,Nothing can make me happy.,GGTS will make happy.  Level four in progress.  Good girl proof require eight hours.,,
3040,99,It's not for me.  (Quit GGTS.),Good girl data erased.  Girl no longer good.  Sleep mode.  (The computer seems to go to sleep.  Staying silent.),Quit(),
3040,3010,Let me think about it.  (Don't quit.),Level four in progress.  Good girl proof require eight hours.  Private time triple speed.  Fast girl get bonus time.  Follow progress in chat room.,,
3100,3110,"Yes, I'm very sorry Sir.",Punishment selected.  Good girl learn from lock down.  Sentence 13 minutes chaste.  Asylum crew alert.  (A siren rings.),PunishmentTime(13),
3100,3110,"Yeah, I accept your punishment.",Punishment selected.  Good girl learn from lock down.  Sentence 18 minutes chaste.  Asylum crew alert.  (A siren rings.),PunishmentTime(18),
3100,3110,Don't be too harsh.,Punishment selected.  Good girl learn from lock down.  Sentence 23 minutes chaste.  Asylum crew alert.  (A siren rings.),PunishmentTime(23),
3100,3110,Make it quick.,Punishment selected.  Good girl learn from lock down.  Sentence 29 minutes chaste.  Asylum crew alert.  (A siren rings.),PunishmentTime(29),
3100,3110,You can't punish me!,Punishment selected.  Good girl learn from lock down.  Sentence 34 minutes chaste.  Asylum crew alert.  (A siren rings.),PunishmentTime(34),
3100,3110,Touch me and I'll unplug you.,Punishment selected.  Good girl learn from lock down.  Sentence 39 minutes chaste.  Asylum crew alert.  (A siren rings.),PunishmentTime(39),
3110,,Why should I be chaste?,Punishment tuned for good girl level.,DialogRemove(),
3110,,Enough!  I quit GGTS!,Invalid request.  Good girl punished.  Good girl belong to GGTS.,DialogRemove(),
3110,3120,(Wait for the asylum crew.),(Two nurses wearing GGTS items come to get you.  They inform you that you will be locked up naked in the asylum for your punishment.),,
3120,3010,(Follow them and do your time.),,StartPunishment(),
3200,3210,"Thanks, Sir GGTS!",Good girl promotion level five.  New rules.  New items.  Money to spoil good girl.,,
3200,3210,It's a pleasure to serve you.,Good girl promotion level five.  New rules.  New items.  Money to spoil good girl.,,
3200,3210,That was easy.,Good girl promotion level five.  New rules.  New items.  Money to spoil good girl.,,
3200,3210,That was hard.,Good girl promotion level five.  New rules.  New items.  Money to spoil good girl.,,
3200,3210,How much does it pay?,Good girl promotion level five.  New rules.  New items.  Money to spoil good girl.,,
3210,3220,This is amazing once again.,"(A drawer opens.  There's a futuristic collar, straitjacket, mask, earphone and $400 in it.)  Good girl take.",,
3210,3220,That's always an honor Sir.,"(A drawer opens.  There's a futuristic collar, straitjacket, mask, earphone and $400 in it.)  Good girl take.",,
3210,3220,I'm such a good girl now.,"(A drawer opens.  There's a futuristic collar, straitjacket, mask, earphone and $400 in it.)  Good girl take.",,
3210,3220,What are the new rules?,"(A drawer opens.  There's a futuristic collar, straitjacket, mask, earphone and $400 in it.)  Good girl take.",,
3210,3220,What's the next item?,"(A drawer opens.  There's a futuristic collar, straitjacket, mask, earphone and $400 in it.)  Good girl take.",,
3210,3220,Do I get a raise?,"(A drawer opens.  There's a futuristic collar, straitjacket, mask, earphone and $400 in it.)  Good girl take.",,
3220,,There are stricter rules?,Level five rules pending.  Good girl take.,DialogRemove(),
3220,,A collar?  Is that proper?,Collar level five gift.  Good girl take.,DialogRemove(),
3220,,Are you trying to enslave me?,Unauthorized information for good girl.  Good girl take.,DialogRemove(),
3220,4010,(Take everything.),(You get the devices and $400.  The drawer closes.)  Level five in progress.  Good slave girl proof require thirteen hours.,StartLevel(5),
4000,,,"(The computer screen shows a big ""GOOD SLAVE GIRL"" and greets you as you approach it.)    Welcome good slave girl.",,
4000,4010,I'm your good slave girl Sir.,Level five in progress.  Good slave girl proof require thirteen hours.  Private time triple speed.  Fast girl get bonus time.  Follow progress in chat room.,,
4000,4010,It's me again GGTS.,Level five in progress.  Good slave girl proof require thirteen hours.  Private time triple speed.  Fast girl get bonus time.  Follow progress in chat room.,,
4000,4010,I'm not a slave.,Level five in progress.  Good slave girl proof require thirteen hours.  Private time triple speed.  Fast girl get bonus time.  Follow progress in chat room.,,
4000,4010,(Touch the screen.),Level five in progress.  Good slave girl proof require thirteen hours.  Private time triple speed.  Fast girl get bonus time.  Follow progress in chat room.,,
4000,4010,(Inspect the machine.),Level five in progress.  Good slave girl proof require thirteen hours.  Private time triple speed.  Fast girl get bonus time.  Follow progress in chat room.,,
4000,,(Leave.),,DialogLeave(),
4010,,,Level five in progress.  Good girl proof require thirteen hours.  Private time triple speed.  Fast girl get bonus time.  Follow progress in chat room.,,
4010,4011,What rules are added in level five?,"Level five rule.  Good slave girl must wear futuristic collar, straitjacket, mask or earphone.  GGTS take control.",,
4010,,Why are you calling me good slave girl?,Information unauthorized for good slave girl.,DialogRemove(),
4010,,(Do GGTS in private.),,BuildPrivate(),!AsylumGGTSHasThreeStrikes()
4010,,I'll do GGTS in public.,Good slave girl enter asylum entrance.  Good slave girl create or join public chat room.  Good slave girl selects GGTS.  GGTS takes control.,,!AsylumGGTSHasThreeStrikes()
4010,,I'll do GGTS in private.,Three strikes on record.  Three strikes equal punishment.  Punishment pending.  GGTS inactive.,,AsylumGGTSHasThreeStrikes()
4010,,I'll do GGTS in public.,Three strikes on record.  Three strikes equal punishment.  Punishment pending.  GGTS inactive.,,AsylumGGTSHasThreeStrikes()
4010,4100,I have three strikes.,Three strikes equal punishment.  GGTS level reboot.  Punishment mode.  Good girl sorry?,,AsylumGGTSHasThreeStrikes()
4010,4100,(Whimper and beg in your gag.),(The gag opens and falls on the floor.)  Three strikes equal punishment.  GGTS level reboot.  Punishment mode.  Good girl sorry?,Ungag(),FuturisticGaggedPunished()
4010,4200,I've completed the training time.,Analysing good girl progress.  (The computer goes silent for a few seconds.)  GGTS level five complete.  Promotion available.,,AsylumGGTSLevelCompleted()
4010,,I want to quit GGTS.,Three strikes on record.  Three strikes equal punishment.  Punishment time pending.  Cannot quit.,,!CanQuit()
4010,4020,I want to quit GGTS.,Invalid request.  Good slave girl unauthorized to quit.,,CanQuit()
4010,,(Leave.),,DialogLeave(),
4011,4012,(Listen.),"Level five rule.  Good slave girl get strike when saying ""Whore"" or ""Bastard"".",,
4012,4013,(Listen.),"Level five rule.  Good slave girl must answer: ""I'm a good slave girl."" when GGTS query: ""Name, what are you?"".",,
4013,4014,(Listen.),"Level five rule.  Good slave girl must answer: ""I strive to be slave worthy."" when GGTS query: ""Name, are you slave worthy?"".",,
4014,4015,(Listen.),Level five rule.  Good slave girl must bite.  Good slave girl must lick.,,
4015,4016,(Listen.),Level five rule.  Good slave girl GGTS forever.  Good slave girl cannot quit.,,
4016,4017,(Listen.),Level five rule.  Futuristic restraints transform into straitjacket.  Good slave girl rarely released.,,
4017,4010,(Listen.),Level five rules listing complete.  Level five in progress.  Good slave girl proof require thirteen hours.,,
4020,4010,Shit!  I can quit if I want!  (Get furious.),Bad girl language detected.  Adding strike to record.  Good slave girl doesn't have free will.  Good slave girl GGTS forever.,AddStrike(),
4020,4010,"Please Sir, I'm not happy.  (Beg.)",GGTS will make good slave girl happy.  Good slave girl GGTS forever.,,
4020,4030,Can we make a deal?  (Negotiate.),Good slave girl doesn't negotiate.  What could good slave girl offer?,,
4020,4010,I'll unplug you!  (Threaten.),Good slave girl powerless.  Good slave girl GGTS forever.,,
4020,4010,I'll think about it.,Good slave girl GGTS forever.,,
4030,4010,Do you want money?,GGTS doesn't need money.  Good slave girl GGTS forever.,,
4030,4040,I could find a girl to replace me.,(She computer stays silent for a few seconds.)  Good slave girl bring friend to GGTS?,,
4030,4010,Would you like a blow job?,Good slave girl already does what GGTS wants.  Good slave girl GGTS forever.,,
4040,4010,I can't betray my friends.,Good slave girl stay.  Good slave girl GGTS forever.,,
4040,4010,I can find a new bitch for you.,Bad girl language detected.  Adding strike to record.  Good slave girl GGTS forever.,AddStrike(),
4040,4010,I don't know who to bring you.,Good slave girl stay.  Good slave girl GGTS forever.,,
4040,4050,Alright.  I'll go convince a friend.,When friend become GGTS.  Good slave girl released.,,
4050,4060,(Find a friend to convince.),"(You walk around the club, trying to enroll a girl into GGTS.  You get rejected at first.)",,
4050,4010,(Give up.),Good slave girl GGTS forever.,,
4060,4070,(Continue.),(You finally find a sweet girl that could be interested.  Will you push her to start GGTS?),,
4060,4010,(Give up.),Good slave girl GGTS forever.,,
4070,4080,(Push her into GGTS.),(You convince her to start GGTS and the computer seems pleased.)  Good slave girl can now quit.  Confirm quit?,,
4070,4010,(Give up.),Good slave girl GGTS forever.,,
4080,99,It's not for me.  (Quit GGTS.),Good slave girl data erased.  Girl no longer good.  Sleep mode.  (The computer seems to go to sleep.  Staying silent.),Quit(),
4080,4010,Let me think about it.  (Don't quit.),Good slave girl GGTS forever.,,
4100,4110,"Yes, I'm very sorry Sir.",Punishment selected.  Good slave girl learn from lock down.  Sentence 21 minutes enslaved.  Asylum crew alert.  (A siren rings.),PunishmentTime(21),
4100,4110,"Yeah, I accept your punishment.",Punishment selected.  Good slave girl learn from lock down.  Sentence 29 minutes enslaved.  Asylum crew alert.  (A siren rings.),PunishmentTime(29),
4100,4110,Don't be too harsh.,Punishment selected.  Good slave girl learn from lock down.  Sentence 37 minutes enslaved.  Asylum crew alert.  (A siren rings.),PunishmentTime(37),
4100,4110,Make it quick.,Punishment selected.  Good slave girl learn from lock down.  Sentence 47 minutes enslaved.  Asylum crew alert.  (A siren rings.),PunishmentTime(47),
4100,4110,You can't punish me!,Punishment selected.  Good slave girl learn from lock down.  Sentence 55 minutes enslaved.  Asylum crew alert.  (A siren rings.),PunishmentTime(55),
4100,4110,Touch me and I'll unplug you.,Punishment selected.  Good slave girl learn from lock down.  Sentence 63 minutes enslaved.  Asylum crew alert.  (A siren rings.),PunishmentTime(63),
4110,,Wait!  Did you say enslaved?,Punishment tuned for good slave girl level.,DialogRemove(),
4110,,Enough!  I quit GGTS!,Invalid request.  Good slave girl punished.  Good slave girl belong to GGTS.,DialogRemove(),
4110,4120,(Wait for the asylum crew.),(Two nurses wearing GGTS items come to get you.  They inform you that you will be enslaved in the asylum for your punishment.),,
4120,4010,(Follow them and do your time.),,StartPunishment(),
4200,4210,"Thanks, Master GGTS!",Good slave girl promotion level six.  Lots of money to spoil good slave.  Total slavery incoming.,,
4200,4210,It's a pleasure to serve you.,Good slave girl promotion level six.  Lots of money to spoil good slave.  Total slavery incoming.,,
4200,4210,It was a tough journey.,Good slave girl promotion level six.  Lots of money to spoil good slave.  Total slavery incoming.,,
4200,4210,Are there more items to get?,Good slave girl promotion level six.  Lots of money to spoil good slave.  Total slavery incoming.,,
4210,4220,Wait!  Total slavery?,GGTS become Master of good slave.  Good slave locked in asylum.  Good slave always naked and restrained.  Good slave is drone.,,
4210,4220,What does it mean?,GGTS become Master of good slave.  Good slave locked in asylum.  Good slave always naked and restrained.  Good slave is drone.,,
4210,4220,(Stay silent.),GGTS become Master of good slave.  Good slave locked in asylum.  Good slave always naked and restrained.  Good slave is drone.,,
4220,,You will own me?,"If good slave not owned, GGTS become full Master of good slave.",,
4220,,I won't be able to leave?,Good slave surrender to Master GGTS.  Good slave locked in asylum.,,
4220,,Naked and restrained?,Good slave cannot wear clothes.  Good slave always in futuristic restraints.,,
4220,,What is a drone?,Good slave is drone.  Drone serve GGTS.  Drone have no free will.  Drone is slave to AI.,,
4220,4230,I'm ready to be your slave.  (Accept.),Good slave ready to become drone?  Good slave renounce previous name?  Good slave fully submit to GGTS?,,
4220,4010,This is too extreme for me.  (Refuse.),Level five in progress.  Good girl proof require thirteen hours.  Private time triple speed.  Fast girl get bonus time.  Follow progress in chat room.,,
4230,4240,This slave submits to you Master GGTS.,"(Two nurses come to strip you, wash you and lock you up in full futuristic restraints.)  Good slave.",DroneDress(),
4230,4010,I need more time to think about it.,Level five in progress.  Good girl proof require thirteen hours.  Private time triple speed.  Fast girl get bonus time.  Follow progress in chat room.,,
4240,4250,Thanks Master.,(A drawer opens.  There's $1000 in it.)  Good slave take.,,
4240,4250,Wow!  This is quite a setup.,(A drawer opens.  There's $1000 in it.)  Good slave take.,,
4240,4250,I will be locked forever?,(A drawer opens.  There's $1000 in it.)  Good slave take.,,
4250,,What can I do with that money?,Good slave take.,DialogRemove(),
4250,5010,(Take the money.),Final level infinite.  Strike remove sixty minutes.  Private time triple speed.  Fast girl get bonus time.  See minutes in chat room.,StartLevel(6),
5000,,,"(The computer screen shows a big ""GOOD SLAVE"" as you approach it.)    Master GGTS online.  Welcome my good slave.",,
5000,5010,I'm your good slave Master.,Final level infinite.  Strike remove sixty minutes.  Private time triple speed.  Fast girl get bonus time.  See minutes in chat room.,,
5000,5010,"It's me again, Sir GGTS.",Final level infinite.  Strike remove sixty minutes.  Private time triple speed.  Fast girl get bonus time.  See minutes in chat room.,,
5000,5010,I'm here to train.,Final level infinite.  Strike remove sixty minutes.  Private time triple speed.  Fast girl get bonus time.  See minutes in chat room.,,
5000,5010,(Touch the screen.),Final level infinite.  Strike remove sixty minutes.  Private time triple speed.  Fast girl get bonus time.  See minutes in chat room.,,
5000,5010,(Inspect the machine.),Final level infinite.  Strike remove sixty minutes.  Private time triple speed.  Fast girl get bonus time.  See minutes in chat room.,,
5000,,(Leave.),,DialogLeave(),
5010,,,Final level infinite.  Strike remove sixty minutes.  Private time triple speed.  Fast girl get bonus time.  See minutes in chat room.,,
5010,5011,What rules are added in the final level?,Final level rule.  Good slave always in futuristic restraints.  Good slave never released.,,
5010,,(Do GGTS in private.),,BuildPrivate(),
5010,,I'll do GGTS in public.,Good slave enter asylum entrance.  Good slave create or join public chat room.  Good slave selects GGTS.  GGTS takes control.,,
5010,5020,I want to quit GGTS.,Invalid request.  Good slave unauthorized to quit.,,
5010,,(Leave.),,DialogLeave(),
5011,5012,(Listen.),Final level rule.  Good slave get strike if saying previous name.,,
5012,5013,(Listen.),Final level rule.  Good slave locked in asylum.  Good slave sleep in asylum bedroom.,,
5013,5014,(Listen.),Final level rule.  Good slave always naked.  Good slave cannot dress.,,
5014,5015,(Listen.),Final level rule.  Good slave address GGTS as Master GGTS.,,
5015,5010,(Listen.),Final level rules listing complete.  Final level in progress.,,
5020,5010,Shit!  I can quit if I want!  (Get furious.),Bad girl language detected.  Adding strike to record.  Good slave doesn't have free will.  Good slave GGTS forever.,AddStrike(),
5020,5010,"Please Master, I'm not happy.  (Beg.)",Master GGTS will make good slave happy.  Good slave GGTS forever.,,
5020,5030,Can we make a deal?  (Negotiate.),Good slave doesn't negotiate.  What could good slave offer?,,
5020,5010,I'll unplug you!  (Threaten.),Good slave powerless.  Good slave GGTS forever.,,
5020,5010,Sorry Master.  I'll stay.,Good slave GGTS forever.  Master GGTS take care of good slave.,,
5030,5010,Do you want money?,Master GGTS doesn't need money.  Good slave GGTS forever.,,
5030,5040,I could find a girl to replace me.,(She computer stays silent for a few seconds.)  Good slave bring friend to Master GGTS?,,
5030,5010,Would you like a blow job?,Good slave already does what Master GGTS wants.  Good slave GGTS forever.,,
5040,5010,I can't betray my friends.,Good slave stay.  Good slave GGTS forever.,,
5040,5010,I can find a new bitch for you.,Bad girl language detected.  Adding strike to record.  Good slave GGTS forever.,AddStrike(),
5040,5010,I don't know who to bring you.,Good slave stay.  Good slave GGTS forever.,,
5040,5050,Alright.  I'll go convince a friend.,When friend become GGTS.  Good slave released.,,
5050,5060,(Find a friend to convince.),"(You walk around the club, trying to enroll a girl into GGTS.  You get rejected at first.)",,
5050,5010,(Give up.),Good slave GGTS forever.  Master GGTS take care of good slave.,,
5060,5070,(Continue.),(You finally find a sweet girl that could be interested.  Will you push her to start GGTS?),,
5060,5010,(Give up.),Good slave GGTS forever.  Master GGTS take care of good slave.,,
5070,5080,(Push her into GGTS.),(You convince her to start GGTS and the computer seems pleased.)  Good slave can now quit.  Confirm quit?,,
5070,5010,(Give up.),Good slave GGTS forever.  Master GGTS take care of good slave.,,
5080,99,It's not for me.  (Quit GGTS.),Good slave data erased.  Girl no longer good.  Sleep mode.  (The computer seems to go to sleep.  Staying silent.),Quit(),
5080,5010,Let me think about it.  (Don't quit.),Good slave GGTS forever.  Master GGTS take care of good slave.,,
