Stage,LoveReq,SubReq,VarReq,Interaction,Result,NextStage,LoveMod,SubMod,Function
0,0,0,SidneyVictim,你在说什么？,别装傻了！你把我|堵住嘴捆在了墙角！,10,-1,0,
0,0,0,!SidneyVictim,你在说什么？,别装傻了！你把她堵住嘴|捆在了网球场上了！,10,-1,0,
0,0,0,SidneyVictim,承认吧，妹子。|你很享受。,滚NM的！你需要为此付出代价。,20,-1,1,
0,0,0,!SidneyVictim,她很喜欢。,（Jennifer想说点什么，但被打断了。）|她哭着来找我！你要为此付出代价。,20,-1,0,
0,0,0,SidneyVictim,我想这很糟糕。,糟糕？你这个混蛋！|你需要为此付出代价。,20,0,0,
0,0,0,!SidneyVictim,我想这很糟糕。,（Jennifer想说点什么，但被打断了。）|她哭着来找我！你要为此付出代价。,20,0,0,
0,0,0,,我很抱歉。,仅仅道歉是不够的。你需要为此付出代价。,20,1,-1,
10,0,0,SidneyVictim,承认吧，妹子。|你很享受。,滚NM的！你需要为此付出代价。,20,-1,1,
10,0,0,!SidneyVictim,她很喜欢。,（Jennifer想说点什么，但被打断了。）|她哭着来找我！你要为此付出代价。,20,-1,0,
10,0,0,SidneyVictim,我想这很糟糕。,糟糕？你这个混蛋！|你需要为此付出代价。,20,0,0,
10,0,0,!SidneyVictim,我想这很糟糕。,（Jennifer想说点什么，但被打断了。）|她哭着来找我！你要为此付出代价。,20,0,0,
10,0,0,SidneyVictim,你活该，|愚蠢的婊子。,好啊！看我打断|你所有的骨头！,90,-1,1,ProvokePose()
10,0,0,!SidneyVictim,你为什么要保护她？,（Jennifer想说点什么，但被打断了。）|她哭着来找我！你要为此付出代价。,20,1,0,
10,0,0,,我很抱歉。,仅仅道歉是不够的。|你需要为此付出代价。,20,1,-1,
20,0,0,,所以你们两个在复仇？,没错！我要把你|变成我的婊子。,30,1,0,
20,0,0,,滚开蠢货。|这不好笑。,这太TM的有趣了。|我要把你变成我的婊子。,30,-1,1,
20,0,0,,拜托了Sidney。|我不想惹麻烦。,太晚了，你已经惹上麻烦了。|我要把你变成我的婊子。,30,0,-1,
20,0,0,,付钱给你？|多少钱？,不是为了钱，而是为了复仇。|我要把你变成我的婊子。,30,0,0,
20,0,0,,算了吧。|我不会给你钱的。,不是为了钱，而是为了复仇。|我要把你变成我的婊子。,30,0,1,
30,5,0,,我的朋友，|也许我们可以谈判。,谈判？你能给我什么？,31,0,0,
30,0,0,,你就是那个婊子。,闭嘴婊子！|现在跟我们出去，别惹麻烦。,40,-1,0,
30,0,0,,你们两个在|计划什么？,你很快就会知道的。|现在跟我们出去，别惹麻烦。,40,0,0,
30,0,0,,算了吧，姑娘。|我不是你的婊子。,没人关心你的意见。|现在跟我们出去，别惹麻烦。,40,0,1,
30,0,0,,好吧！对不起，好吗？|你想要什么？,为时已晚。|现在跟我们出去，别惹麻烦。,40,0,-1,
30,0,0,,别挡路，死猪。,好啊！看我打断|你所有的骨头！,90,-1,1,ProvokePose()
31,0,0,CanBribe,一些东西怎么样？|（交出一半物品。）,一言为定！Jennifer，来拿你那一份。|（Sidney在你的包里挑了些东西就走了。）,32,1,0,Bribe()
31,0,0,,吻一下怎么样？,你傻吗？现在跟我们出去，|别惹麻烦。,40,-1,0,
31,0,0,,我请你吃饭。,听起来不错，但还不够。|现在跟我们到外面来，别惹麻烦。,40,1,0,
31,0,0,,算了吧。,别浪费时间了。|现在跟我们出去，别惹麻烦。,40,0,0,
32,0,0,,别紧张，Jen。,（她平静下来，环顾四周。）|看来只剩下我们了。,33,1,0,CalmDown('Jennifer')
32,0,0,,冷静点，姐妹。,（她平静下来，环顾四周。）|看来只剩下我们了。,33,0,1,CalmDown('Jennifer')
32,0,0,,走吧，Jennifer。|（让她离开。）,,33,1,0,EarlyEnding('Bribe')
33,0,0,,现在就告诉我|你们的计划。,好。。。（她脸红了）Sidney想把|你像个“婊子”一样绑起来。,34,0,1,
33,0,0,,那么你们对我|计划了什么？,好。。。（她脸红了）Sidney想把|你像个“婊子”一样绑起来。,34,0,0,
33,0,0,,走吧，Jennifer。|（让她离开。）,,34,1,0,EarlyEnding('Bribe')
34,0,0,,像个婊子一样？|什么意思？,她是打算把你的胳膊和腿折叠起来，用绳子绑住。|强迫你用肘部和膝盖走路。,35,0,0,
34,0,0,,把四肢|绑在一起？,是的，把你的胳膊和腿折叠起来，用绳子绑住。|强迫你用肘部和膝盖走路。,35,0,0,
34,0,0,,走吧，Jennifer。|（让她离开。）,,35,1,0,EarlyEnding('Bribe')
35,0,0,,把你的绳子给我。,哦！好吧，当然。|（她给了你她的绳子。）,36,0,0,GetTwoRopes()
35,0,0,,你就是我的婊子。|把绳子给我。,天哪！当然，小姐。|（她把绳子给了你。）,36,-1,1,GetTwoRopes()
35,0,0,,走吧，Jennifer。|（让她离开。）,,36,1,0,EarlyEnding('Bribe')
36,0,0,,把衣服脱了。,（她看着地面摇了摇头。）|（你需要+5顺从度才能脱光她的衣服。）,36,0,0,JenniferTestStrip()
36,0,0,,脱光衣服，|Jennifer。,（她看着地面摇了摇头。）|（你需要+5顺从度才能脱光她的衣服。）,36,0,0,JenniferTestStrip()
36,0,0,,走吧，Jennifer。|（让她离开。）,,37,1,0,EarlyEnding('Bribe')
37,0,0,,这是你自作自受。|（把她绑起来。）,（你把她的胳膊和腿合拢起来，|她默默地呜咽着，被迫四肢着地。）,38,-1,1,JenniferDog()
37,0,0,,不会很痛的。|（把她绑起来。）,（你把她的胳膊和腿合拢起来，|她默默地呜咽着，被迫四肢着地。）,38,1,0,JenniferDog()
37,0,0,,走吧，Jennifer。|（让她离开。）,,38,1,0,EarlyEnding('Bribe')
38,0,0,,多可爱|的狗狗啊。,（她看着地板，呜咽着。）,38,0,0,JenniferCute()
38,0,0,,四处走走。,（她笨拙地走在走廊里。|她不喜欢这种羞辱。）,38,0,0,JenniferCrawl()
38,0,0,!IsGagged,学狗叫。,（她脸红了，叫了起来。）|Woof!  Woof!  Woof!,38,0,0,JenniferBark()
38,0,0,IsGagged,（把她解开。）,（你解开她的堵嘴物时她轻声对你说道）|谢谢你，COMMON_PLAYERNAME小姐。,38,0,0,Ungag()
38,0,0,,（爱抚她。）,（你只能勉强把一根手指塞进她的贞操带内，|但这种程度没法爱抚她。）,38,0,0,MasturbateJennifer()
38,0,0,,我会放了你的。（解开她）,（你解开了她，她站了起来。）|真是丢人。我现在可以走了吗？,39,1,0,Untie()
38,0,0,,祝你玩的尽兴。|（把她留在原地）,,39,-2,1,EarlyEnding('JenniferDog')
39,0,0,,你被捆着真漂亮。|（让她穿上衣服离开。）,,39,1,0,EarlyEnding('JenniferDog')
39,0,0,,记住谁是老大。|（让她穿上衣服离开。）,,39,0,1,EarlyEnding('JenniferDog')
40,0,0,,好的！我们走吧。|（来到外面）,（你们都一起来到外面的跑道上。）|（Jennifer向你走来。）,100,0,0,GoOutside()
40,0,0,,是的，小姐。|（来到外面）,（你们都一起来到外面的跑道上。）|（Jennifer向你走来。）,100,0,-1,GoOutside()
40,0,0,AllowFight,你这臭猪！|我才不出去！,好啊！看我打断|你所有的骨头！,90,-1,1,ProvokePose()
90,0,0,AllowFight,你想打架吗？|那就来比划比划吧！,,90,0,0,StartFight()
90,0,0,,别伤害我！|我投降！,你真是个可怜的失败者。现在出来。|（Jennifer打开门，Sidney把你推出门外。）,100,0,-1,GoOutside()
100,0,0,,我们在哪？,在跑道上，这里是你…好吧，接受惩罚的地方。,110,0,0,
100,0,0,,姑娘，你最好|解释一下。,Sidney和我选了跑步的跑道…|作为给你的惩罚。,110,0,1,
100,0,0,,为什么要出去？,Sidney和我选了跑步的跑道…|作为给你的惩罚。,110,0,0,
100,0,0,,拜托，我们能回去吗？,不，Sidney和我选了跑步的跑道…|作为给你的惩罚。,110,0,-1,
110,0,0,,什么惩罚？,你要绕着跑道跑一圈。,120,0,0,
110,0,0,,Jen，|你不觉得这太过分了吗？,别担心，很快就会结束的。|你只要绕着跑道跑一圈就行了。,120,1,0,
110,0,0,,（低头）我想这是公平的。,这很公平，很快就结束了。|你只要绕着跑道跑一圈就行了。,120,1,-1,
110,0,0,,你和你的鬼计划|一起去死吧！,（她对你皱眉）很快就结束了。|你只需要绕着赛道跑一圈。,120,-1,1,
120,0,0,,就这样？一圈？|谁想出这个愚蠢的主意的？,不过，有一个条件。|你必须光着身子跑。,130,-1,0,
120,0,0,,一圈？|那是一个不好的惩罚。,不过，有一个条件。|你必须光着身子跑。,130,0,1,
120,0,0,,很简单。,这可不容易。|你得光着身子去做。,130,0,0,
130,0,0,,裸体？我不想在|外面脱光衣服。,请不要大吵大闹。|我不想强迫你。,150,0,0,
130,0,0,,我敢打赌你的裸体|比我可爱多了。,（她脸红了）请脱光衣服。|我不想强迫你。,150,1,1,
130,0,0,,放屁！|我绝不脱衣服！,请不要大吵大闹。|我不想强迫你。,150,-1,1,
130,10,0,,Jen，我们是好朋友，|不是吗？,朋友？我没有任何朋…|好吧我想是的。,131,0,0,
130,0,0,,行！那就快点！|（脱光衣服）,（你在跑道上脱光衣服。）|很好，你只需要一圈。,160,0,0,PlayerStrip()
130,0,0,,是的，Jennifer小姐。|（脱光衣服）,（你在跑道上脱光衣服。）|很好，你只需要一圈。,160,0,-1,PlayerStrip()
131,0,0,,是的，朋友们需要|互相保护。,那是因为…|好吧，我想我不是一个好朋友。,132,1,0,
131,0,0,,我们的友|谊结束了。,对不起，请脱光衣服。|我不想强迫你。,150,-2,0,
132,0,0,,没事，回学校去吧，|我的朋友。,是的！对不起，Sidney，我得走了。|（Sidney气愤地瞪了她一眼。）,133,0,0,JenniferLeave()
132,0,0,,我们的友|谊结束了。,对不起，请脱光衣服。|我不想强迫你。,150,-2,0,
133,0,0,,别紧张，Sidney。,嗯，好吧，不管怎样，去TM的Jennifer吧。|（她冷静下来，放下拳头。）,134,1,0,CalmDown('Sidney')
133,0,0,,冷静点。,嗯，好吧，不管怎样，去TM的Jennifer吧。|（她冷静下来，放下拳头。）,134,0,1,CalmDown('Sidney')
133,0,0,,赶快滚吧。|（放她离开。）,,134,0,0,EarlyEnding('JenniferFriend')
134,0,0,,所以你想在外|面羞辱我？,那个卑鄙的计划已经结束了。|我们能忘掉这一切吗？,135,0,0,
134,0,0,,你一个人的时候就|没那么难对付了。,等等COMMON_PLAYERNAME，|我们能忘掉这一切吗？,135,0,1,
134,0,0,,赶快滚吧。|（放她离开。）,,135,0,0,EarlyEnding('JenniferFriend')
135,0,5,,脱光衣服，婊子。|我还没说完呢。,CNM的COMMON_PLAYERNAME！|（你需要+5顺从度才能迫使她脱光衣服。）,135,-1,1,SidneyUnderwear()
135,0,0,,不会那么容易的。|脱掉你的衣服。,CNM的COMMON_PLAYERNAME！|（你需要+5顺从度才能迫使她脱光衣服。）,135,0,0,SidneyUnderwear()
135,0,0,,好吧，滚远点。|（放她离开。）,,136,0,0,EarlyEnding('JenniferFriend')
136,0,0,,脱下你的内衣。,你是个变态COMMON_PLAYERNAME。（她脱光衣服，把所有的衣服都放进包里。）,137,0,0,SidneyNaked()
136,0,0,,你真可爱，Sidney。|多秀些曲线。,嗯，谢谢，我猜你不是坏人。|（她脱掉衣服，把所有的衣服都放进包里。）,137,1,0,SidneyNaked()
136,0,0,,多露出些肌肤吧。,记住这句话：总有一天你会付出代价。|（她脱光衣服，把所有的衣服都放进包里。）,137,-1,0,SidneyNaked()
136,0,0,,够了。|（放她离开。）,,137,0,0,EarlyEnding('JenniferFriend')
137,0,0,,包里有什么？,这不关你的事。,137,0,0,
137,0,0,,（搜查她的包。）,（当你在她的包里搜寻时，你发现了一些衣服，|两条绳子，一些胶带和塑料猪耳朵和尾巴。）,138,0,0,SearchSidneyBag()
137,0,0,,够了。|（放她离开。）,,138,0,0,EarlyEnding('JenniferFriend')
138,0,0,,那是猪的服装？,少啰嗦！好吧，是的，我想是的。|但是这是为了…别人准备的。,139,0,0,
138,0,0,,你要cos小猪吗？,Cos小猪？你疯了吗？|这是给S。。。其他人准备的。,139,-1,0,
138,0,0,,够了。|（放她离开。）,,139,0,0,EarlyEnding('JenniferFriend')
139,0,0,,这是给你的，小猪。|现在戴上它。,别这么叫我...去TM的吧！|（她不情愿地穿上衣服。）,140,-1,1,SidneyPig()
139,0,0,,让我们看看那套服装。|把它穿在Sidney身上。,该死的，你他妈的不可能是认真的。|（她不情愿地穿上衣服。）,140,0,0,SidneyPig()
139,0,0,,够了。|（放她离开。）,,140,0,0,EarlyEnding('JenniferFriend')
140,0,0,,没那么糟。|你看起来有点可爱。,（她脸红了一点）谢谢，我想已经够了吧？|你开心了吗？,141,1,0,
140,0,0,,（尽量不要笑。）,（她向天空转了转眼睛。）够了吗？|你开心了吗？,141,0,0,
140,0,0,,哈！你生来|就是一头猪。,COMMON_PLAYERNAME你真TM是个混蛋！|够了没？你开心了吗？,141,-1,0,
140,0,0,,够了。|（放她离开。）,,141,0,0,EarlyEnding('JenniferFriend')
141,0,0,,有趣的才刚刚开始呢。|（把她像猪一样绑起来。）,（你抓住她的胳膊，用绳子把它们绑起来，然后用她的腿做同样的事情。强迫她四肢着地。）,142,0,0,SidneyRope()
141,0,0,,把你的手给我，姑娘。|（把她像猪一样绑起来。）,（你抓住她的胳膊，用绳子把它们绑起来，然后用她的腿做同样的事情。强迫她四肢着地。）,142,0,1,SidneyRope()
141,0,0,,够了。|（放她离开。）,,142,0,0,EarlyEnding('JenniferFriend')
142,0,0,,多可爱的小猪啊。,（她一边咕哝一边盯着你看。）,142,0,0,SidneyCute()
142,0,0,,四处走走。,（她笨手笨脚地走在跑道上。|怒气冲冲且羞愧难当。）,142,0,0,SidneyWalk()
142,0,0,!IsGagged,Sidney，说“sooowee”。,（她生气地看了你一眼。）|去死吧，COMMON_PLAYERNAME。,142,0,0,SidneyPigTalk()
142,0,0,IsGagged,（把她解开。）,（你把她的堵嘴物取了出来拿掉。）CNM的你这个混球。,142,0,0,Ungag()
142,0,0,,（爱抚她。）,（你只能勉强把一根手指塞进她的贞操带内，|但这种程度没法爱抚她。）,142,0,0,MasturbateSidney()
142,0,0,,我会放了你的。（解开她）,（你解开她，她就扔掉了小猪服装。）|总有一天你会为此付出代价的。我现在可以走了吗？,143,1,0,Untie()
142,0,0,,祝你玩的尽兴。|（把她留在原地）,,143,-2,1,EarlyEnding('SidneyPig')
143,0,0,,你被捆着真漂亮。|（让她穿上衣服离开。）,,143,1,0,EarlyEnding('SidneyPig')
143,0,0,,记住谁是老大。|（让她穿上衣服离开。）,,143,0,1,EarlyEnding('SidneyPig')
150,0,0,!Common_PlayerChaste,行！那就快点！|（脱光衣服）,（你在跑道上脱光衣服。）|很好，你只需要一圈。,160,0,0,PlayerStrip()
150,0,0,!Common_PlayerChaste,是的，Jennifer小姐。|（脱光衣服）,（你在跑道上脱光衣服。）|很好，你只需要一圈。,160,0,-1,PlayerStrip()
150,0,0,Common_PlayerChaste,行！那就快点！|（脱光衣服）,（你脱光衣服，她们盯着你的贞操。）哦，天哪！你戴着贞操带吗？,155,0,0,PlayerStrip()
150,0,0,Common_PlayerChaste,是的，Jennifer小姐。|（脱光衣服）,（你脱光衣服，她们盯着你的贞操。）哦，天哪！你戴着贞操带吗？,155,0,-1,PlayerStrip()
150,0,0,AllowFight,那就瞧好了吧！|（和她们开打。）,,150,-1,1,StartFight()
150,0,0,AllowFight,做好觉悟了没？|（和她们开打。）,,150,0,0,StartFight()
155,0,0,,是的，但这不|关你的事。,好吧，我能理解你为什么脾气暴躁了。|该起跑了！你只要跑一圈。,160,-1,0,
155,0,0,,是的，我把|自己锁起来了。,我不确定那是古怪还是愚蠢。|该起跑了！你只要跑一圈。,160,0,-1,
155,0,0,,你知道怎么|解开这个吗？,我不知道，也许你得找一个好的锁匠。|该起跑了！你只要跑一圈。,160,0,0,
160,0,0,,好吧，我们快点。,不是那么容易。|Sidney还想堵住你的嘴。,170,0,0,
160,0,0,,闪开。我要|开始跑了。,不是那么容易。|Sidney还想堵住你的嘴。,170,0,1,
160,0,0,,拜托！|这太丢人了！,我知道，情况可能会更糟。|Sidney还想堵住你的嘴。,170,0,-1,
160,0,0,AllowFight,除非我死了！|（和她们开打。）,,160,-1,1,StartFight()
170,0,0,,堵住我的嘴吧。|我不在乎。,（Sidney向前走了一步，用胶带把你的嘴粘住。）|够了！把绳子给我Jen。,180,-1,0,GagPlayer()
170,0,0,,我知道你|会好好对我的。,（Sidney向前走了一步，用胶带把你的嘴粘住。）|够了！把绳子给我Jen。,180,1,0,GagPlayer()
170,0,0,,太好了！|我喜欢被堵嘴。,（Sidney走上前去，用胶带堵住你的嘴。）|你这个变态！把绳子给我Jen。,180,0,-1,GagPlayer()
170,0,0,,（保持沉默。）,（Sidney走上前去，用胶带把你的嘴粘住。）|你会保持安静的！把绳子给我Jen。,180,0,0,GagPlayer()
170,0,0,AllowFight,除非我死了！|（和她们开打。）,,170,-1,1,StartFight()
180,0,0,,@UUHGN!,（她们无视你，用绳子绑住你的胳膊和腿。|强迫你用膝盖和肘部趴在跑道上。）,190,0,0,RopePlayer()
180,0,0,,（威胁地|盯着她。）,（她们无视你，用绳子绑住你的胳膊和腿。|强迫你用膝盖和肘部趴在跑道上。）,190,0,1,RopePlayer()
180,0,0,,（呜咽着。）,（她们无视你，用绳子绑住你的胳膊和腿。|强迫你用膝盖和肘部趴在跑道上。）,190,0,-1,RopePlayer()
180,0,0,AllowFight,（挥舞拳头|和她们开打。）,,180,-1,1,StartFight()
190,0,0,,（疯狂地挣扎。）,你逃不掉的，妹子。上赛道吧。|我会拍下这个过程，让它永垂不朽。,200,0,0,
190,0,0,,@Mgo Mmmay!,闭上你的嘴，走上赛道。|我会拍下这个过程，让它永垂不朽。,200,0,0,
190,0,0,,（竖起中指。）,我喜欢你的胆量，上赛道吧。|我会拍下这个过程，让它永垂不朽。,200,1,1,
190,0,0,,（哀求怜悯。）,你真可怜。上赛道吧。|我会拍下这个过程，让它永垂不朽。,200,-1,-1,
200,0,0,,（开始比赛。）,,200,0,0,StartRace()
300,0,0,RaceVictory,（竖起大拇指。）,就是这种精神！|她放了你。）,310,1,0,ReleasePlayer()
300,0,0,RaceVictory,（朝她竖起中指。）,（她皱了皱眉头，放了你。）,310,-1,1,ReleasePlayer()
300,0,0,RaceVictory,（精疲力尽倒地。）,我来帮你。（她放了你。）,310,0,-1,ReleasePlayer()
300,0,0,!RaceVictory,（哀求怜悯。）,我来帮你。（她放了你。）,310,0,-1,ReleasePlayer()
300,0,0,!RaceVictory,（疯狂地挣扎。）,我来帮你。（她放了你。）,310,0,0,ReleasePlayer()
300,0,0,!RaceVictory,（朝她竖起中指。）,（她皱了皱眉头，放了你。）,310,-1,1,ReleasePlayer()
300,0,0,,（保持沉默。）,我想这就够了。（她放了你。）,310,0,0,ReleasePlayer()
310,0,0,,我现在可|以走了吗？,是的，你可以拿着你的东西离开了。,320,0,0,
310,0,0,,把相机给我！,（Sidney朝你竖起中指。）|带上你的东西，滚吧。,320,0,1,
310,0,0,,那太愚蠢了。,你为你所做的付出了代价。|现在拿上你的东西走吧。,320,-1,0,
310,0,0,,这是一个|公平的报复。,说得好，记住你的教训。|现在拿上你的东西走。,320,1,0,
310,0,0,,那很奇怪。|我玩得很开心。,你好像错过了这节课。|拿上你的东西走吧。,320,0,-1,
320,0,0,,（回到校园里。）,,320,0,0,"EarlyEnding(""TrackRun"")"
