Stage,LoveReq,SubReq,VarReq,IntroText,Image
0,0,0,,Ahoj! Ty jsi na naší škole nová?|Hodina začíná v osm.,Amanda.jpg
0,0,0,SidneyInBondage,"Ahoj! Nemůžu uvěřit, že jsi Sidney svázala.|Vypadá takhle fakt roztomile.",Amanda.jpg
10,0,0,,Ahoj a ještě jednou vítej.,Amanda.jpg
20,0,0,,Potřebuješ něco?,Amanda.jpg
30,0,0,,Potřebuješ vědět ještě něco dalšího|nebo už se můžeme soustředit na dnešní hodinu?,Amanda.jpg
40,0,0,,(Dívá se na tmavovlásku|a vypadá poděšeně.),Amanda.jpg
50,0,0,,"Řekneme si to až po hodině, jo?",Amanda.jpg
50,2,0,,"Ráda bych si popovídala, ale musím si|uspořádat poznámky. Potkáme se po hodině.",Amanda.jpg
50,-2,0,,Já fakt nemám čas si teď povídat.,Amanda.jpg
50,0,0,SidneyInBondage,(Chichotá se.) Sidney je takhle miloučká.|Ale možná bys ji před hodinou měla rozvázat.,Amanda.jpg
200,0,0,,Proč tady máš ty provazy?,Amanda.jpg
220,0,0,,"Opatruj mi moje šaty, prosím.|(Vypadá velmi poníženě.)",AmandaStrip.jpg
230,0,0,,"Jejda! Hodina za chvíli začíná.|(Bezvýsledně cuká provazy, aby se osvobodila.)",AmandaBondageFront.jpg
240,0,0,,,AmandaBondageBack.jpg
250,0,0,,,AmandaBondageHug.jpg
260,0,0,,,AmandaBondageKiss.jpg
300,0,0,,"Díky, žes mě pustila. (Usmívá se.)",Amanda.jpg
300,0,0,SidneyInBondage,"Díky, žes mě pustila a Sidney to takhle sluší.|Možná bys ji ale před hodinou měla rozvázet.",Amanda.jpg
