Stage,LoveReq,SubReq,VarReq,IntroText,Image
0,0,0,AmandaVictim,你怎么敢这样? |为什么要对我做这种事！,Lockers.jpg
0,0,0,!AmandaVictim,你怎么敢这样? |为什么要对Sarah做这种事！,Lockers.jpg
10,0,0,,,Lockers.jpg
20,0,0,,,Lockers.jpg
30,0,0,,,Lockers.jpg
40,0,0,,,Lockers.jpg
50,0,0,,,Lockers.jpg
51,0,0,,,Lockers.jpg
52,0,0,,,Lockers.jpg
53,0,0,,,Lockers.jpg
54,0,0,,,Lockers.jpg
55,0,0,,,LockersOpen.jpg
56,0,0,,,Lockers.jpg
60,0,0,,,Lockers.jpg
70,0,0,,,Lockers.jpg
71,0,0,,,Lockers.jpg
72,0,0,,,Lockers.jpg
73,0,0,,,Lockers.jpg
74,0,0,,,Lockers.jpg
75,0,0,,,LockersOpen.jpg
76,0,0,,,Lockers.jpg
80,0,0,,,Lockers.jpg
90,0,0,,,Lockers.jpg
100,0,0,,,Lockers.jpg
110,0,0,,,Lockers.jpg
120,0,0,,,Lockers.jpg
130,0,0,,,Lockers.jpg
140,0,0,,,Lockers.jpg
150,0,0,,,Lockers.jpg
160,0,0,,,Lockers.jpg
170,0,0,,,LockersOpen.jpg
180,0,0,,,LockersOpen.jpg
190,0,0,,,LockersOpen.jpg
200,0,0,,,LockerInside.jpg
210,0,0,,,LockersOpen.jpg
220,0,0,,,LockersOpen.jpg
230,0,0,,,LockersOpen.jpg
250,0,0,,,LockersOpen.jpg
260,0,0,,,LockersOpen.jpg
300,0,0,,,LockersOpen.jpg
400,0,0,,别别别！停下停下我们投降!|为什么你能这么厉害啊!,Lockers.jpg
410,0,0,,,Lockers.jpg
420,0,0,,,Lockers.jpg
430,0,0,,,Lockers.jpg
440,0,0,,,LockersTwoOpen.jpg
450,0,0,,,LockersTwoOpen.jpg
460,0,0,,,Lockers.jpg
